{"draw_idx": 20, "draws": null, "_stats": [{"depth": [10, 10, 10, 10, 10, 10, 10, 10, 10, 10, 10, 10, 10, 10, 10, 10, 10, 10, 10, 10], "step_size": [0.0006417723758792549, 0.0006417723758792549, 0.0006417723758792549, 0.0006417723758792549, 0.0006417723758792549, 0.0006417723758792549, 0.0006417723758792549, 0.0006417723758792549, 0.0006417723758792549, 0.0006417723758792549, 0.0006417723758792549, 0.0006417723758792549, 0.0006417723758792549, 0.0006417723758792549, 0.0006417723758792549, 0.0006417723758792549, 0.0006417723758792549, 0.0006417723758792549, 0.0006417723758792549, 0.0006417723758792549], "tune": [true, false, false, false, false, false, false, false, false, false, false, false, false, false, false, false, false, false, false, false], "mean_tree_accept": [0.9777191622011135, 0.6054802773419715, 0.7468834768082304, 0.8144640091755687, 0.4467579230010363, 0.9305134373176492, 0.8323072001907107, 0.8475676611889877, 0.9086605677912712, 0.9811486380253827, 0.7678723442539775, 0.9813890064508406, 0.6580018696232218, 0.9092602769951752, 0.9999646647074887, 0.9819265673383777, 0.9235610295047492, 0.60575619874757, 0.6189902053361458, 0.8507775435534232], "step_size_bar": [0.0007210870257474821, 0.0007210870257474821, 0.0007210870257474821, 0.0007210870257474821, 0.0007210870257474821, 0.0007210870257474821, 0.0007210870257474821, 0.0007210870257474821, 0.0007210870257474821, 0.0007210870257474821, 0.0007210870257474821, 0.0007210870257474821, 0.0007210870257474821, 0.0007210870257474821, 0.0007210870257474821, 0.0007210870257474821, 0.0007210870257474821, 0.0007210870257474821, 0.0007210870257474821, 0.0007210870257474821], "tree_size": [1023.0, 1023.0, 1023.0, 1023.0, 1023.0, 1023.0, 1023.0, 1023.0, 1023.0, 1023.0, 1023.0, 1023.0, 1023.0, 1023.0, 1023.0, 1023.0, 1023.0, 1023.0, 1023.0, 1023.0], "diverging": [false, false, false, false, false, false, false, false, false, false, false, false, false, false, false, false, false, false, false, false], "energy_error": [-0.5442522102498515, -0.4415128373268544, 0.3814593140295983, -0.5722394544623057, 1.3982991928990032, -1.170888806734638, 0.19604084748311834, 0.07353418590014371, 0.26962171849595507, -0.8094300300779196, 0.0014390786370768183, 0.00849876270308414, -0.004335477676704613, 0.14460112391225266, -0.1185502275836825, 0.02997071911408966, -0.0024756227705893252, 0.11196118945963462, 0.6207510592362269, -0.2953496976658698], "energy": [1516.2089022369855, 1513.5549001599231, 1511.7470554057388, 1514.5438968468984, 1516.032192564099, 1509.9503913105482, 1515.8409132263337, 1511.9045740071094, 1511.7719342311875, 1512.7179385854456, 1506.8407427783914, 1508.62868673854, 1506.2346159601314, 1502.4155192000496, 1502.8852055446644, 1501.5784222521233, 1507.4372591616975, 1512.011645094988, 1513.6163621403277, 1509.794086856642], "max_energy_error": [-0.9744420183228613, 1.844517960107396, 0.8556584048251352, 0.7535914514533033, 2.346525868823619, -1.4545115521452772, 0.5554886204308787, 0.568760130767032, -0.5440201092194457, -0.8122314645497681, 0.5682693731844211, 0.03828891190983086, 0.9599816679249216, 0.19937061197492767, -0.15014363064710778, 0.05152363649358449, 0.20388563691381023, 1.276743133557602, 1.3289106734819143, -0.7780659230004403], "model_logp": [-1506.4126445587492, -1504.2094518620393, -1505.021650500689, -1503.528721800727, -1500.0954790373485, -1498.812485387843, -1501.7888845334935, -1500.9619023561156, -1501.728417574877, -1500.789722208954, -1500.2405862762087, -1496.5263145346094, -1496.4148087975866, -1495.205110875176, -1496.1155061294064, -1496.020872723768, -1499.4886271134205, -1499.223672096667, -1504.0187472527034, -1497.291812701568]}], "chain": 1}