{"draw_idx": 20, "draws": null, "_stats": [{"depth": [10, 10, 10, 10, 10, 10, 10, 10, 10, 10, 10, 10, 10, 10, 10, 10, 10, 10, 10, 10], "step_size": [0.0005712285530090168, 0.0005712285530090168, 0.0005712285530090168, 0.0005712285530090168, 0.0005712285530090168, 0.0005712285530090168, 0.0005712285530090168, 0.0005712285530090168, 0.0005712285530090168, 0.0005712285530090168, 0.0005712285530090168, 0.0005712285530090168, 0.0005712285530090168, 0.0005712285530090168, 0.0005712285530090168, 0.0005712285530090168, 0.0005712285530090168, 0.0005712285530090168, 0.0005712285530090168, 0.0005712285530090168], "tune": [true, false, false, false, false, false, false, false, false, false, false, false, false, false, false, false, false, false, false, false], "mean_tree_accept": [0.7941936929739517, 0.9984919330855307, 0.9984755791761892, 0.972341487725105, 0.9995922966819142, 0.5673147795389669, 0.9484541564833272, 0.993420770278556, 0.8343625133425953, 0.8517677754726103, 0.797971097481965, 0.9467473875652789, 0.9999999714187076, 0.5344874386793147, 0.9134668100640482, 0.9999933792863299, 0.8245633562144393, 0.6414919957893787, 0.6964056861350801, 0.9073418915995956], "step_size_bar": [0.0005230431378167767, 0.0005230431378167767, 0.0005230431378167767, 0.0005230431378167767, 0.0005230431378167767, 0.0005230431378167767, 0.0005230431378167767, 0.0005230431378167767, 0.0005230431378167767, 0.0005230431378167767, 0.0005230431378167767, 0.0005230431378167767, 0.0005230431378167767, 0.0005230431378167767, 0.0005230431378167767, 0.0005230431378167767, 0.0005230431378167767, 0.0005230431378167767, 0.0005230431378167767, 0.0005230431378167767], "tree_size": [1023.0, 1023.0, 1023.0, 1023.0, 1023.0, 1023.0, 1023.0, 1023.0, 1023.0, 1023.0, 1023.0, 1023.0, 1023.0, 1023.0, 1023.0, 1023.0, 1023.0, 1023.0, 1023.0, 1023.0], "diverging": [false, false, false, false, false, false, false, false, false, false, false, false, false, false, false, false, false, false, false, false], "energy_error": [-0.1717705114360797, 0.0029721091966621316, -8.875575190359086e-05, 0.019276031457820864, -0.016024679184965862, 0.9409739899397209, -0.4245956011752696, -0.2877868323594157, -0.08346910113436934, 0.02961352386364524, 0.49665566691555796, -0.6452008396156543, -0.013343914751885677, 0.0034961430701514473, 0.01445341783164622, -0.020556543676093497, 0.01430142512049315, 0.05419341248693854, -0.005150145505695036, 0.13072723353752735], "energy": [1502.8159488372307, 1506.6838037954362, 1505.9545558518653, 1505.0957968840723, 1508.5466285014957, 1509.8318948493334, 1511.258767183458, 1507.535921395289, 1507.7788255698338, 1510.0189137536722, 1513.5944544127242, 1517.8332218063626, 1510.6179187780763, 1509.1905723906732, 1504.9178167518266, 1502.922546551188, 1505.567155639819, 1510.4150914420516, 1511.42158996615, 1505.9761639526341], "max_energy_error": [0.6240895682597056, 0.003950290871898687, 0.004809131678939593, 0.06048002604552494, -0.024390778890847287, 1.3715594035854792, -0.9528954940203676, -0.5203482640308721, 0.5209831554434459, 0.42909812934226466, 0.6054168671673779, -0.6624623560931013, -0.013471897583258396, 1.543945549501359, 0.1911441402410219, -0.02079394401744139, 0.4069732805307922, 1.0417393444431582, 0.8838512930419711, 0.24320051672998488], "model_logp": [-1494.7294844563437, -1495.5220069768197, -1495.362970659685, -1498.3258402850677, -1500.0247007444657, -1500.5871694567509, -1496.6247483955487, -1499.8659805953455, -1498.0555963764978, -1499.6326710807762, -1504.8348494543868, -1500.7343518577668, -1500.6803395379725, -1497.4067265756976, -1497.2841007321215, -1498.552429792334, -1498.8993607779669, -1497.6824232749464, -1497.323856727335, -1499.258445201323]}], "chain": 0}