model_type,train_rmse,train_mape,valid_rmse,valid_mape,feature_type,log_transform
elastic_net,55.180247140915306,37.9633542036496,57.33439366267392,42.51193228406228,simple,False
elastic_net,59.3157071836208,36.122341970086865,62.9458563886932,41.877658029913135,simple,True
elastic_net,52.818819205365784,36.514830803238226,54.37814587559722,38.02085054644931,full,False
elastic_net,59.3157071836208,36.122341970086865,62.9458563886932,41.877658029913135,full,True
