model_type,train_rmse,train_mape,valid_rmse,valid_mape,feature_type,log_transform
random_forest,46.74544075802821,33.413925865831146,51.812879067218496,36.557755104633486,simple,False
random_forest,47.52791006217373,31.996540187515677,52.38091046737904,35.38592143599408,simple,True
random_forest,44.34898193338691,30.724308635037602,51.16046138283295,36.03600245735075,full,False
random_forest,45.4678189298216,30.599048864745754,52.01792400588154,36.158063335876065,full,True
