model_type,train_rmse,train_mape,valid_rmse,valid_mape,feature_type,log_transform
random_forest,47.604203315094914,33.404874236168695,52.83853847749647,37.55099851916799,simple,False
random_forest,48.564630901154445,32.751523352621945,53.85216519939871,37.55627313783174,simple,True
random_forest,45.454970758990676,31.78032845894856,52.233216693346314,36.73948065021989,full,False
random_forest,46.43626032320488,31.897280969501864,53.27523694892919,36.62436837669978,full,True
